ID,Name,Photo
101,Shahin,/captured_images/Shahin_101/Shahin_101_2.jpg
102,Antor,/captured_images/Antor_102/Antor_102_2.jpg
103,Linkon,/captured_images/Linkon_103/Linkon_103_2.jpg
105,Farzana,/captured_images/Farzana_105/Farzana_105_2.jpg
106,Tushar,/captured_images/Tushar_106/Tushar_106_2.jpg
108,Evan,/captured_images/Evan_108/Evan_108_2.jpg
109,Borhan,/captured_images/Borhan_109/Borhan_109_3.jpg